level,name,Total population,Population under age 18,Percent under age 18,Population ages 65+,Percent ages 65+,Male population,Percent male,Female population,Percent female,Latino population,Percent Latino,White population,Percent white,Black population,Percent black,Other race population,Percent other race,Foreign-born population,Percent foreign-born,Total households,Owner-occupied households,Homeownership rate,Cost-burdened households,Cost-burden rate,Households with 1+ vehicles,"Percent of households, 1+ vehicles",Adults ages 25+,Adults without high school diploma,"Percent of adults, no high school diploma",Adults with bachelor's or higher,"Percent of adults, bachelor's or higher",Median household income,Poverty status known,Population in poverty,Poverty rate,Low-income population,Low-income rate,"Under 18, poverty status known",Children in poverty,Child poverty rate,Low-income children,Child low-income rate,"Ages 65+, poverty status known",Seniors in poverty,Senior poverty rate,Low-income seniors,Senior low-income rate
1_state,Connecticut,3575074,743833,0.208,601053,0.168,1744245,0.488,1830829,0.512,574240,0.161,2392013,0.669,354120,0.099,254701,0.071,520951,0.146,1370746,905681,0.661,476982,0.356,1250469,0.912,2483095,232663,0.094,975465,0.393,78444,3470087,344146,0.099,785054,0.226,734377,97721,0.133,217508,0.296,580573,42069,0.072,123855,0.213
2_counties,Fairfield County,943926,214502,0.227,146621,0.155,459636,0.487,484290,0.513,185996,0.197,582819,0.617,100262,0.106,74849,0.079,207839,0.22,340189,228111,0.671,130910,0.393,313829,0.923,643285,64195,0.1,308399,0.479,95645,926424,82327,0.089,192720,0.208,212192,23444,0.11,55124,0.26,142050,10172,0.072,27284,0.192
2_counties,Hartford County,893561,189177,0.212,149889,0.168,433975,0.486,459586,0.514,161079,0.18,545642,0.611,115637,0.129,71203,0.08,137652,0.154,350408,224640,0.641,115689,0.338,314347,0.897,623222,64286,0.103,237493,0.381,75148,872105,94192,0.108,209289,0.24,186827,27180,0.145,60034,0.321,144740,12741,0.088,34292,0.237
2_counties,Litchfield County,182002,33690,0.185,37457,0.206,90109,0.495,91893,0.505,11436,0.063,160930,0.884,2694,0.015,6942,0.038,14483,0.08,74143,56714,0.765,23302,0.321,70365,0.949,134619,9482,0.07,47658,0.354,79906,179809,12416,0.069,31547,0.175,32932,2729,0.083,6655,0.202,36548,2089,0.057,7039,0.193
2_counties,Middlesex County,163053,29313,0.18,32072,0.197,79641,0.488,83412,0.512,10095,0.062,136807,0.839,8055,0.049,8096,0.05,12718,0.078,66971,49235,0.735,21255,0.325,63293,0.945,119333,6904,0.058,50299,0.422,85898,157700,10944,0.069,27389,0.174,29082,2334,0.08,5628,0.194,30798,1693,0.055,5860,0.19
2_counties,New Haven County,857513,174834,0.204,145741,0.17,413519,0.482,443994,0.518,155335,0.181,539298,0.629,107111,0.125,55769,0.065,108939,0.127,330572,204451,0.618,121019,0.377,292287,0.884,597200,59146,0.099,209002,0.35,69905,831151,97553,0.117,212568,0.256,172783,29820,0.173,60846,0.352,140411,10610,0.076,32412,0.231
2_counties,New London County,267390,52401,0.196,47421,0.177,134037,0.501,133353,0.499,28213,0.106,202296,0.757,13883,0.052,22998,0.086,23165,0.087,107827,71566,0.664,34442,0.326,101090,0.938,187957,14425,0.077,62636,0.333,73490,255691,24040,0.094,59301,0.232,51753,7613,0.147,17106,0.331,45806,2524,0.055,9091,0.198
2_counties,Tolland County,151063,26575,0.176,23140,0.153,75601,0.5,75462,0.5,8332,0.055,127817,0.846,4422,0.029,10492,0.069,10483,0.069,55683,39960,0.718,16093,0.294,53259,0.956,96087,4786,0.05,40173,0.418,87069,136003,9996,0.073,24012,0.177,26063,1300,0.05,4304,0.165,22405,911,0.041,3730,0.166
2_counties,Windham County,116566,23341,0.2,18712,0.161,57727,0.495,58839,0.505,13754,0.118,96404,0.827,2056,0.018,4352,0.037,5672,0.049,44953,31004,0.69,14272,0.326,41999,0.934,81392,9439,0.116,19805,0.243,66550,111204,12678,0.114,28228,0.254,22745,3301,0.145,7811,0.343,17815,1329,0.075,4147,0.233
3_regions,Greater New Haven,463682,91868,0.198,77514,0.167,222759,0.48,240923,0.52,75152,0.162,282354,0.609,70903,0.153,35273,0.076,62962,0.136,177208,106231,0.599,69183,0.4,155165,0.876,318877,26842,0.084,129159,0.405,NA,444674,53560,0.12,113504,0.255,90930,15718,0.173,30830,0.339,75224,5393,0.072,16355,0.217
3_regions,Greater Waterbury,333077,71444,0.214,59152,0.178,164051,0.493,169026,0.507,54873,0.165,234052,0.703,27455,0.082,16697,0.05,37852,0.114,126404,86797,0.687,43197,0.351,114904,0.909,233876,24254,0.104,77321,0.331,NA,327164,35294,0.108,79101,0.242,70198,11195,0.159,23059,0.328,57432,4285,0.075,13324,0.232
3_regions,Greater Bridgeport,322564,73364,0.227,47417,0.147,155546,0.482,167018,0.518,77114,0.239,165726,0.514,58233,0.181,21491,0.067,66939,0.208,112798,73104,0.648,47960,0.435,100100,0.887,213112,28979,0.136,79264,0.372,NA,312859,39628,0.127,87004,0.278,72586,12533,0.173,26176,0.361,45662,3514,0.077,10367,0.227
3_regions,Lower Naugatuck Valley,139537,27986,0.201,24856,0.178,68125,0.488,71412,0.512,18194,0.13,106650,0.764,7780,0.056,6913,0.05,16630,0.119,54070,39596,0.732,17917,0.34,50667,0.937,100361,8034,0.08,32201,0.321,NA,138127,10252,0.074,26460,0.192,27604,2502,0.091,6754,0.245,23954,1488,0.062,4819,0.201
4_towns,Bethel,19663,4600,0.234,3002,0.153,9609,0.489,10054,0.511,1501,0.076,15881,0.808,764,0.039,1517,0.077,3109,0.158,7164,5642,0.788,2423,0.343,6820,0.952,13582,721,0.053,6166,0.454,101968,19207,599,0.031,2882,0.15,4305,51,0.012,939,0.218,2849,170,0.06,347,0.122
4_towns,Bridgeport,145639,33671,0.231,16526,0.113,70350,0.483,75289,0.517,59371,0.408,29254,0.201,46969,0.323,10045,0.069,44191,0.303,50638,21188,0.418,25956,0.529,40486,0.8,93895,22168,0.236,17638,0.188,46662,141359,30848,0.218,65332,0.462,33292,10438,0.314,21032,0.632,15920,2211,0.139,6048,0.38
4_towns,Brookfield,17016,3942,0.232,3270,0.192,8356,0.491,8660,0.509,1070,0.063,14642,0.86,213,0.013,1091,0.064,2095,0.123,6200,5190,0.837,2128,0.347,5998,0.967,11807,538,0.046,5904,0.5,114615,16935,847,0.05,1804,0.107,3880,216,0.056,421,0.109,3251,151,0.046,358,0.11
4_towns,Danbury,84619,17017,0.201,11560,0.137,42665,0.504,41954,0.496,25360,0.3,42102,0.498,7647,0.09,9510,0.112,26669,0.315,30000,17405,0.58,12018,0.409,27629,0.921,58259,9705,0.167,18496,0.317,73297,81292,9329,0.115,20971,0.258,16650,2859,0.172,6234,0.374,11104,926,0.083,2316,0.209
4_towns,Darien,21742,7339,0.338,2585,0.119,10732,0.494,11010,0.506,897,0.041,19057,0.877,171,0.008,1617,0.074,2568,0.118,6895,5973,0.866,2190,0.32,6724,0.975,13047,322,0.025,10814,0.829,232523,21742,873,0.04,1405,0.065,7339,241,0.033,354,0.048,2585,89,0.034,185,0.072
4_towns,Easton,7543,1627,0.216,1538,0.204,3846,0.51,3697,0.49,282,0.037,6973,0.924,1,0,287,0.038,645,0.086,2799,2596,0.927,973,0.35,2777,0.992,5587,155,0.028,3590,0.643,157448,7532,167,0.022,387,0.051,1616,43,0.027,59,0.037,1538,3,0.002,43,0.028
4_towns,Fairfield,61740,14251,0.231,9877,0.16,29186,0.473,32554,0.527,4232,0.069,52017,0.843,1168,0.019,4323,0.07,7680,0.124,20641,17018,0.824,6755,0.333,20169,0.977,39149,1679,0.043,25898,0.662,139122,57102,2946,0.052,6697,0.117,14164,481,0.034,1274,0.09,9113,404,0.044,1118,0.123
4_towns,Greenwich,62587,16028,0.256,10976,0.175,29729,0.475,32858,0.525,8613,0.138,45602,0.729,2090,0.033,6282,0.1,14537,0.232,22271,14678,0.659,7280,0.336,21339,0.958,42499,1766,0.042,28325,0.666,152577,62047,3706,0.06,8530,0.137,15958,901,0.056,2189,0.137,10589,637,0.06,1470,0.139
4_towns,Monroe,19546,4845,0.248,3045,0.156,9732,0.498,9814,0.502,1296,0.066,16627,0.851,327,0.017,1296,0.066,1942,0.099,6673,6049,0.906,2385,0.362,6447,0.966,12955,576,0.044,6400,0.494,118669,19528,628,0.032,1858,0.095,4827,119,0.025,309,0.064,3045,15,0.005,436,0.143
4_towns,New Canaan,20276,5878,0.29,3304,0.163,9554,0.471,10722,0.529,1068,0.053,17508,0.863,309,0.015,1391,0.069,2676,0.132,7116,5610,0.788,2481,0.356,6937,0.975,13179,221,0.017,10476,0.795,190227,20201,646,0.032,1708,0.085,5878,64,0.011,370,0.063,3275,112,0.034,404,0.123
4_towns,New Fairfield,13955,2861,0.205,2474,0.177,7141,0.512,6814,0.488,1212,0.087,12209,0.875,88,0.006,446,0.032,1046,0.075,4971,4641,0.934,1347,0.273,4959,0.998,9742,342,0.035,4866,0.499,112457,13859,537,0.039,1510,0.109,2765,205,0.074,451,0.163,2474,76,0.031,362,0.146
4_towns,Newtown,27822,6478,0.233,4758,0.171,13886,0.499,13936,0.501,1472,0.053,24628,0.885,452,0.016,1270,0.046,2134,0.077,9885,8742,0.884,2668,0.273,9640,0.975,19191,730,0.038,10441,0.544,127602,27208,648,0.024,1625,0.06,6439,102,0.016,262,0.041,4631,204,0.044,579,0.125
4_towns,Norwalk,88599,17812,0.201,13664,0.154,42726,0.482,45873,0.518,24523,0.277,45039,0.508,12192,0.138,6845,0.077,24923,0.281,34187,19849,0.581,13965,0.42,31870,0.932,63828,7750,0.121,27701,0.434,85769,88081,8893,0.101,21847,0.248,17626,2440,0.138,6462,0.367,13380,1423,0.106,3186,0.238
4_towns,Redding,9176,2076,0.226,1838,0.2,4498,0.49,4678,0.51,404,0.044,8515,0.928,24,0.003,233,0.025,691,0.075,3452,2878,0.834,1243,0.373,3351,0.971,6431,131,0.02,4310,0.67,132838,9051,344,0.038,887,0.098,2076,34,0.016,137,0.066,1734,181,0.104,289,0.167
4_towns,Ridgefield,25042,6938,0.277,4248,0.17,12224,0.488,12818,0.512,1198,0.048,21985,0.878,267,0.011,1592,0.064,2818,0.113,9001,7721,0.858,2775,0.314,8710,0.968,16858,348,0.021,12629,0.749,163945,24917,494,0.02,2036,0.082,6938,53,0.008,485,0.07,4135,225,0.054,545,0.132
4_towns,Shelton,41141,7150,0.174,8689,0.211,19650,0.478,21491,0.522,3637,0.088,34443,0.837,673,0.016,2388,0.058,5385,0.131,16185,13039,0.806,4920,0.31,15444,0.954,30248,1930,0.064,12919,0.427,97131,40592,2058,0.051,5368,0.132,7025,234,0.033,812,0.116,8293,413,0.05,1502,0.181
4_towns,Sherman,3649,715,0.196,778,0.213,1771,0.485,1878,0.515,125,0.034,3348,0.918,0,0,176,0.048,268,0.073,1470,1264,0.86,474,0.335,1416,0.963,2652,43,0.016,1357,0.512,101818,3649,43,0.012,315,0.086,715,0,0,28,0.039,778,19,0.024,122,0.157
4_towns,Stamford,129309,26478,0.205,18678,0.144,63812,0.493,65497,0.507,35233,0.272,63758,0.493,16512,0.128,13806,0.107,44496,0.344,49141,25351,0.516,20770,0.431,43856,0.892,91629,9859,0.108,45882,0.501,93059,128460,11767,0.092,30622,0.238,26262,3026,0.115,8786,0.335,18169,1794,0.099,4518,0.249
4_towns,Stratford,52120,9924,0.19,9860,0.189,24535,0.471,27585,0.529,9398,0.18,32225,0.618,8142,0.156,2355,0.045,7384,0.142,19857,15719,0.792,7978,0.41,18544,0.934,37430,3304,0.088,12412,0.332,79430,51622,4070,0.079,9694,0.188,9738,1172,0.12,2586,0.266,9596,748,0.078,2038,0.212
4_towns,Trumbull,35976,9046,0.251,6571,0.183,17897,0.497,18079,0.503,2535,0.07,28630,0.796,1626,0.045,3185,0.089,5097,0.142,12190,10534,0.864,3913,0.326,11677,0.958,24096,1097,0.046,13326,0.553,122451,35716,969,0.027,3036,0.085,8949,280,0.031,916,0.102,6450,133,0.021,684,0.106
4_towns,Weston,10287,2973,0.289,1469,0.143,5165,0.502,5122,0.498,648,0.063,8557,0.832,173,0.017,909,0.088,1259,0.122,3447,3321,0.963,1263,0.372,3426,0.994,6762,156,0.023,5301,0.784,222535,10267,298,0.029,836,0.081,2953,35,0.012,152,0.051,1469,67,0.046,140,0.095
4_towns,Westport,28016,7587,0.271,4780,0.171,13293,0.474,14723,0.526,1254,0.045,24091,0.86,290,0.01,2381,0.085,3853,0.138,9916,8448,0.852,3007,0.308,9672,0.975,18635,391,0.021,14527,0.78,206466,27822,1154,0.041,2070,0.074,7549,258,0.034,460,0.061,4695,128,0.027,354,0.075
4_towns,Wilton,18463,5266,0.285,3131,0.17,9279,0.503,9184,0.497,667,0.036,15728,0.852,164,0.009,1904,0.103,2373,0.129,6090,5255,0.863,1998,0.33,5938,0.975,11824,263,0.022,9021,0.763,193292,18235,463,0.025,1300,0.071,5248,192,0.037,406,0.077,2977,43,0.014,240,0.081
4_towns,Avon,18312,4583,0.25,3800,0.208,8725,0.476,9587,0.524,900,0.049,14406,0.787,146,0.008,2860,0.156,3313,0.181,6977,5810,0.833,1962,0.285,6796,0.974,12843,378,0.029,8496,0.662,131130,18125,617,0.034,1587,0.088,4557,129,0.028,313,0.069,3657,174,0.048,578,0.158
4_towns,Berlin,20484,4086,0.199,4314,0.211,9566,0.467,10918,0.533,1129,0.055,18170,0.887,204,0.01,981,0.048,2097,0.102,8181,6906,0.844,2115,0.261,7790,0.952,15066,1051,0.07,6172,0.41,101127,20412,922,0.045,2462,0.121,4037,238,0.059,724,0.179,4302,239,0.056,595,0.138
4_towns,Bloomfield,21022,3046,0.145,5603,0.267,9644,0.459,11378,0.541,1730,0.082,6673,0.317,11649,0.554,970,0.046,5072,0.241,8727,6241,0.715,3038,0.355,7991,0.916,16385,1528,0.093,5704,0.348,76717,20628,1454,0.07,3711,0.18,3024,186,0.062,756,0.25,5321,400,0.075,1133,0.213
4_towns,Bristol,60218,12217,0.203,9961,0.165,29256,0.486,30962,0.514,10400,0.173,44350,0.736,2894,0.048,2574,0.043,5096,0.085,24638,15679,0.636,7968,0.328,22487,0.913,42941,4449,0.104,11401,0.266,67507,59631,6047,0.101,14453,0.242,12129,1677,0.138,3841,0.317,9567,873,0.091,2496,0.261
4_towns,Burlington,9659,2253,0.233,1514,0.157,4745,0.491,4914,0.509,213,0.022,8968,0.928,71,0.007,407,0.042,522,0.054,3462,3231,0.933,753,0.218,3373,0.974,6784,199,0.029,3464,0.511,127353,9621,267,0.028,938,0.097,2215,28,0.013,167,0.075,1514,55,0.036,176,0.116
4_towns,Canton,10288,2169,0.211,2013,0.196,4949,0.481,5339,0.519,507,0.049,8863,0.861,353,0.034,565,0.055,692,0.067,4046,3220,0.796,1287,0.326,3944,0.975,7451,156,0.021,4126,0.554,87567,10163,344,0.034,1243,0.122,2150,17,0.008,327,0.152,1928,47,0.024,246,0.128
4_towns,East Granby,5304,1227,0.231,883,0.166,2572,0.485,2732,0.515,432,0.081,4600,0.867,44,0.008,228,0.043,322,0.061,2027,1637,0.808,529,0.261,1923,0.949,3778,255,0.067,1776,0.47,104336,5198,269,0.052,490,0.094,1121,22,0.02,54,0.048,883,15,0.017,75,0.085
4_towns,East Hartford,50272,11098,0.221,7248,0.144,25290,0.503,24982,0.497,18158,0.361,16786,0.334,12256,0.244,3072,0.061,10025,0.199,19046,11144,0.585,7601,0.409,16914,0.888,33854,5631,0.166,6562,0.194,55967,49607,7443,0.15,16803,0.339,10645,2170,0.204,5026,0.472,7075,1145,0.162,2006,0.284
4_towns,East Windsor,11445,1940,0.17,1986,0.174,5515,0.482,5930,0.518,678,0.059,8823,0.771,831,0.073,1113,0.097,1641,0.143,4855,3312,0.682,1462,0.305,4595,0.946,8764,431,0.049,3281,0.374,76824,11222,900,0.08,1973,0.176,1927,401,0.208,586,0.304,1814,85,0.047,368,0.203
4_towns,Enfield,44143,8220,0.186,7246,0.164,23331,0.529,20812,0.471,4952,0.112,33682,0.763,2970,0.067,2539,0.058,2850,0.065,16744,12636,0.755,4621,0.28,15947,0.952,32115,2529,0.079,8682,0.27,79730,41097,3258,0.079,8509,0.207,8149,813,0.1,2341,0.287,6912,318,0.046,1236,0.179
4_towns,Farmington,25528,5222,0.205,5051,0.198,12221,0.479,13307,0.521,1663,0.065,19485,0.763,556,0.022,3824,0.15,5449,0.213,10463,7639,0.73,3150,0.311,9776,0.934,18676,792,0.042,11155,0.597,93053,25301,2134,0.084,4173,0.165,5205,364,0.07,824,0.158,4893,372,0.076,1005,0.205
4_towns,Glastonbury,34564,8010,0.232,6232,0.18,16683,0.483,17881,0.517,2007,0.058,27961,0.809,721,0.021,3875,0.112,4351,0.126,13411,10705,0.798,3215,0.246,12774,0.953,24496,646,0.026,15443,0.63,120837,34303,1239,0.036,3126,0.091,7948,163,0.021,479,0.06,6079,398,0.065,988,0.163
4_towns,Granby,11361,2562,0.226,2039,0.179,5787,0.509,5574,0.491,235,0.021,10777,0.949,42,0.004,307,0.027,500,0.044,4147,3744,0.903,918,0.223,4074,0.982,7952,277,0.035,4245,0.534,121250,11272,337,0.03,893,0.079,2562,98,0.038,227,0.089,1950,58,0.03,198,0.102
4_towns,Hartford,123088,28963,0.235,13868,0.113,58600,0.476,64488,0.524,54515,0.443,18263,0.148,43729,0.355,6581,0.053,26434,0.215,46690,11196,0.24,23055,0.514,32798,0.702,76234,19471,0.255,12876,0.169,36278,116634,32801,0.281,62263,0.534,28550,10680,0.374,20048,0.702,13461,3191,0.237,6563,0.488
4_towns,Hartland,1982,415,0.209,377,0.19,970,0.489,1012,0.511,2,0.001,1786,0.901,5,0.003,189,0.095,53,0.027,756,703,0.93,181,0.239,730,0.966,1425,83,0.058,415,0.291,99722,1949,44,0.023,307,0.158,382,11,0.029,112,0.293,377,12,0.032,84,0.223
4_towns,Manchester,57805,12351,0.214,8422,0.146,27740,0.48,30065,0.52,7778,0.135,31615,0.547,8904,0.154,9508,0.164,9721,0.168,23645,13012,0.55,7610,0.33,21597,0.913,41027,3033,0.074,16376,0.399,74503,57110,5471,0.096,13641,0.239,12151,1471,0.121,4125,0.339,7972,641,0.08,1862,0.234
4_towns,Marlborough,6368,1353,0.212,1119,0.176,3143,0.494,3225,0.506,366,0.057,5852,0.919,81,0.013,69,0.011,347,0.054,2331,2036,0.873,471,0.206,2318,0.994,4653,130,0.028,2363,0.508,112557,6260,158,0.025,735,0.117,1353,0,0,263,0.194,1011,58,0.057,170,0.168
4_towns,New Britain,72767,16986,0.233,9559,0.131,35591,0.489,37176,0.511,31500,0.433,29094,0.4,8146,0.112,4027,0.055,14035,0.193,28232,11308,0.401,11620,0.433,23581,0.835,47001,9114,0.194,9330,0.199,46499,70190,15210,0.217,30193,0.43,16744,5594,0.334,10718,0.64,9098,1164,0.128,3295,0.362
4_towns,Newington,30234,5340,0.177,6347,0.21,14478,0.479,15756,0.521,2877,0.095,22751,0.752,1464,0.048,3142,0.104,5874,0.194,12366,9678,0.783,3417,0.283,11699,0.946,22458,1906,0.085,8797,0.392,81646,29990,1755,0.059,4673,0.156,5312,324,0.061,877,0.165,6143,474,0.077,1552,0.253
4_towns,Plainville,17619,3191,0.181,3099,0.176,9102,0.517,8517,0.483,1990,0.113,14441,0.82,332,0.019,856,0.049,2123,0.12,7637,5421,0.71,2279,0.303,7426,0.972,13186,1449,0.11,3741,0.284,72175,17477,1250,0.072,3415,0.195,3170,361,0.114,869,0.274,3099,248,0.08,714,0.23
4_towns,Rocky Hill,20168,3514,0.174,4139,0.205,9474,0.47,10694,0.53,793,0.039,14115,0.7,854,0.042,4406,0.218,5125,0.254,8621,5474,0.635,2308,0.271,7832,0.908,15342,853,0.056,7742,0.505,85125,19908,1031,0.052,2814,0.141,3502,94,0.027,400,0.114,3908,267,0.068,879,0.225
4_towns,Simsbury,24799,5861,0.236,4490,0.181,12067,0.487,12732,0.513,1164,0.047,21614,0.872,518,0.021,1503,0.061,2356,0.095,9583,7587,0.792,2288,0.244,9267,0.967,17561,402,0.023,11462,0.653,123905,24558,840,0.034,2566,0.104,5804,99,0.017,416,0.072,4360,203,0.047,805,0.185
4_towns,Southington,43781,9025,0.206,9478,0.216,20889,0.477,22892,0.523,2056,0.047,39381,0.899,807,0.018,1537,0.035,3787,0.086,17162,14294,0.833,4518,0.267,16328,0.951,31641,2059,0.065,12502,0.395,94463,43428,1599,0.037,5397,0.124,8944,381,0.043,1285,0.144,9385,372,0.04,1645,0.175
4_towns,South Windsor,25898,5699,0.22,4502,0.174,12516,0.483,13382,0.517,1498,0.058,19640,0.758,1058,0.041,3702,0.143,4040,0.156,9783,8200,0.838,2573,0.266,9258,0.946,17831,595,0.033,8805,0.494,107374,25879,1164,0.045,2856,0.11,5682,199,0.035,446,0.078,4502,318,0.071,876,0.195
4_towns,Suffield,15688,2997,0.191,2461,0.157,8552,0.545,7136,0.455,1217,0.078,12434,0.793,1125,0.072,912,0.058,1189,0.076,5158,4510,0.874,1137,0.226,5037,0.977,11267,929,0.082,4894,0.434,114208,13425,186,0.014,719,0.054,2909,0,0,139,0.048,2265,8,0.004,184,0.081
4_towns,West Hartford,63063,13902,0.22,11579,0.184,30106,0.477,32957,0.523,7057,0.112,45961,0.729,3402,0.054,6643,0.105,10554,0.167,24726,17563,0.71,7187,0.296,22918,0.927,43932,2449,0.056,28411,0.647,104281,61535,3938,0.064,8902,0.145,13851,998,0.072,2230,0.161,11002,854,0.078,2078,0.189
4_towns,Wethersfield,26171,5006,0.191,5046,0.193,12334,0.471,13837,0.529,2087,0.08,21402,0.818,898,0.034,1784,0.068,4125,0.158,10917,8655,0.793,3253,0.305,10127,0.928,18901,1199,0.063,8563,0.453,86216,26130,1387,0.053,3690,0.141,4967,255,0.051,840,0.169,5046,291,0.058,1078,0.214
4_towns,Windsor,28859,5458,0.189,5095,0.177,13951,0.483,14908,0.517,2590,0.09,13517,0.468,10837,0.376,1915,0.066,4796,0.166,10770,8908,0.827,3477,0.329,10190,0.946,20562,1559,0.076,8440,0.41,92199,28451,1272,0.045,4211,0.148,5375,207,0.039,916,0.17,4847,297,0.061,915,0.189
4_towns,Windsor Locks,12671,2483,0.196,2418,0.191,6178,0.488,6493,0.512,585,0.046,10232,0.808,740,0.058,1114,0.088,1163,0.092,5307,4191,0.79,1696,0.327,4857,0.915,9096,733,0.081,2269,0.249,70067,12601,855,0.068,2546,0.202,2462,200,0.081,685,0.278,2369,164,0.069,492,0.208
4_towns,Barkhamsted,3649,728,0.2,709,0.194,1876,0.514,1773,0.486,33,0.009,3432,0.941,2,0.001,182,0.05,247,0.068,1336,1238,0.927,308,0.234,1315,0.984,2675,157,0.059,1118,0.418,109688,3649,223,0.061,428,0.117,728,78,0.107,85,0.117,709,24,0.034,118,0.166
4_towns,Bethlehem,3433,816,0.238,618,0.18,1738,0.506,1695,0.494,84,0.024,3130,0.912,34,0.01,185,0.054,207,0.06,1204,1008,0.837,350,0.295,1189,0.988,2386,47,0.02,1014,0.425,98409,3394,157,0.046,429,0.126,778,45,0.058,104,0.134,618,36,0.058,132,0.214
4_towns,Bridgewater,1707,216,0.127,529,0.31,849,0.497,858,0.503,47,0.028,1529,0.896,77,0.045,54,0.032,106,0.062,699,604,0.864,189,0.281,686,0.981,1369,61,0.045,772,0.564,111250,1707,46,0.027,139,0.081,216,6,0.028,10,0.046,529,4,0.008,29,0.055
4_towns,Canaan,1143,190,0.166,288,0.252,574,0.502,569,0.498,12,0.01,1046,0.915,50,0.044,35,0.031,40,0.035,507,441,0.87,139,0.29,500,0.986,914,13,0.014,391,0.428,80298,1143,63,0.055,174,0.152,190,9,0.047,19,0.1,288,3,0.01,41,0.142
4_towns,Colebrook,1484,302,0.204,221,0.149,797,0.537,687,0.463,23,0.015,1440,0.97,8,0.005,13,0.009,61,0.041,590,530,0.898,90,0.157,576,0.976,1075,51,0.047,338,0.314,98250,1435,40,0.028,107,0.075,288,10,0.035,20,0.069,221,11,0.05,24,0.109
4_towns,Cornwall,1291,212,0.164,389,0.301,597,0.462,694,0.538,99,0.077,1134,0.878,5,0.004,53,0.041,167,0.129,598,466,0.779,193,0.339,580,0.97,1026,41,0.04,494,0.481,80000,1291,120,0.093,279,0.216,212,34,0.16,79,0.373,389,12,0.031,42,0.108
4_towns,Goshen,2883,529,0.183,661,0.229,1461,0.507,1422,0.493,60,0.021,2681,0.93,2,0.001,140,0.049,95,0.033,1098,1039,0.946,242,0.223,1080,0.984,2117,15,0.007,929,0.439,109886,2883,148,0.051,306,0.106,529,77,0.146,100,0.189,661,21,0.032,72,0.109
4_towns,Harwinton,5456,1131,0.207,1186,0.217,2793,0.512,2663,0.488,76,0.014,5225,0.958,93,0.017,62,0.011,225,0.041,1943,1860,0.957,449,0.235,1896,0.976,3951,254,0.064,1453,0.368,111202,5425,136,0.025,373,0.069,1100,20,0.018,33,0.03,1186,24,0.02,109,0.092
4_towns,Kent,2799,391,0.14,790,0.282,1332,0.476,1467,0.524,62,0.022,2534,0.905,31,0.011,172,0.061,231,0.083,1176,956,0.813,405,0.372,1117,0.95,2146,146,0.068,1039,0.484,78125,2550,154,0.06,383,0.15,365,0,0,30,0.082,735,27,0.037,96,0.131
4_towns,Litchfield,8147,1358,0.167,2395,0.294,3871,0.475,4276,0.525,605,0.074,7294,0.895,110,0.014,138,0.017,536,0.066,3415,2644,0.774,1024,0.307,3215,0.941,6261,320,0.051,2639,0.421,84694,8037,530,0.066,1415,0.176,1332,76,0.057,194,0.146,2328,172,0.074,583,0.25
4_towns,Morris,2205,484,0.22,360,0.163,1152,0.522,1053,0.478,32,0.015,2137,0.969,0,0,36,0.016,31,0.014,854,727,0.851,286,0.347,817,0.957,1595,62,0.039,620,0.389,87308,2205,129,0.059,408,0.185,484,41,0.085,123,0.254,360,16,0.044,87,0.242
4_towns,New Hartford,6703,1548,0.231,1127,0.168,3235,0.483,3468,0.517,105,0.016,6515,0.972,3,0,80,0.012,224,0.033,2580,2327,0.902,610,0.242,2566,0.995,4627,52,0.011,2087,0.451,106765,6695,138,0.021,437,0.065,1540,0,0,71,0.046,1127,43,0.038,87,0.077
4_towns,New Milford,27014,5302,0.196,4077,0.151,12969,0.48,14045,0.52,1988,0.074,23093,0.855,373,0.014,1560,0.058,2923,0.108,10512,8182,0.778,3564,0.344,10225,0.973,19578,1138,0.058,7891,0.403,89969,26697,1221,0.046,4304,0.161,5179,236,0.046,929,0.179,3912,123,0.031,659,0.168
4_towns,Norfolk,1628,311,0.191,459,0.282,795,0.488,833,0.512,48,0.029,1508,0.926,6,0.004,66,0.041,40,0.025,700,522,0.746,276,0.403,670,0.957,1283,100,0.078,542,0.422,75208,1624,103,0.063,273,0.168,307,28,0.091,55,0.179,459,27,0.059,80,0.174
4_towns,North Canaan,3281,498,0.152,856,0.261,1666,0.508,1615,0.492,342,0.104,2794,0.852,118,0.036,27,0.008,330,0.101,1402,889,0.634,510,0.368,1232,0.879,2535,300,0.118,595,0.235,62432,3127,382,0.122,854,0.273,455,102,0.224,177,0.389,764,20,0.026,188,0.246
4_towns,Plymouth,11711,1981,0.169,2125,0.181,5494,0.469,6217,0.531,728,0.062,10314,0.881,145,0.012,524,0.045,428,0.037,4858,3864,0.795,1395,0.29,4730,0.974,8554,597,0.07,2072,0.242,82063,11559,563,0.049,1556,0.135,1892,122,0.064,343,0.181,2067,100,0.048,363,0.176
4_towns,Roxbury,2105,402,0.191,590,0.28,1066,0.506,1039,0.494,41,0.019,2002,0.951,0,0,62,0.029,119,0.057,892,747,0.837,307,0.366,872,0.978,1563,28,0.018,947,0.606,118971,2100,72,0.034,172,0.082,397,19,0.048,19,0.048,590,24,0.041,59,0.1
4_towns,Salisbury,3625,737,0.203,1370,0.378,1678,0.463,1947,0.537,84,0.023,3443,0.95,20,0.006,78,0.022,293,0.081,1700,1122,0.66,613,0.376,1614,0.949,2783,131,0.047,1669,0.6,72658,3557,214,0.06,794,0.223,708,55,0.078,190,0.268,1351,24,0.018,191,0.141
4_towns,Sharon,2700,396,0.147,889,0.329,1226,0.454,1474,0.546,88,0.033,2438,0.903,45,0.017,129,0.048,194,0.072,1278,945,0.739,373,0.309,1256,0.983,2221,133,0.06,973,0.438,81919,2644,407,0.154,615,0.233,354,149,0.421,190,0.537,875,74,0.085,138,0.158
4_towns,Thomaston,7599,1428,0.188,1312,0.173,3833,0.504,3766,0.496,237,0.031,7237,0.952,42,0.006,83,0.011,259,0.034,3157,2370,0.751,1057,0.34,2972,0.941,5494,358,0.065,1520,0.277,68539,7574,511,0.067,1128,0.149,1405,158,0.112,234,0.167,1312,53,0.04,231,0.176
4_towns,Torrington,34489,6430,0.186,6777,0.196,17528,0.508,16961,0.492,3922,0.114,27993,0.812,973,0.028,1601,0.046,3747,0.109,14471,9713,0.671,4881,0.343,13128,0.907,25444,2882,0.113,5779,0.227,63172,33898,3494,0.103,9102,0.269,6319,861,0.136,2343,0.371,6406,472,0.074,1739,0.271
4_towns,Warren,1457,281,0.193,368,0.253,738,0.507,719,0.493,43,0.03,1369,0.94,15,0.01,30,0.021,63,0.043,593,536,0.904,157,0.267,576,0.971,1122,40,0.036,548,0.488,104375,1445,24,0.017,138,0.096,269,1,0.004,20,0.074,368,10,0.027,60,0.163
4_towns,Washington,3450,599,0.174,945,0.274,1780,0.516,1670,0.484,236,0.068,3052,0.885,41,0.012,121,0.035,449,0.13,1388,1088,0.784,450,0.329,1372,0.988,2581,121,0.047,1462,0.566,108250,3298,214,0.065,497,0.151,554,7,0.013,45,0.081,945,64,0.068,199,0.211
4_towns,Watertown,21751,3901,0.179,4159,0.191,10969,0.504,10782,0.496,1446,0.066,19205,0.883,396,0.018,704,0.032,2270,0.104,8513,6735,0.791,2526,0.305,8100,0.951,16097,1373,0.085,5437,0.338,79576,21673,1176,0.054,3237,0.149,3885,246,0.063,567,0.146,4100,292,0.071,903,0.22
4_towns,Winchester,10730,1711,0.159,2051,0.191,5542,0.516,5188,0.484,517,0.048,9682,0.902,56,0.005,475,0.044,512,0.048,4550,2950,0.648,1461,0.332,4068,0.894,8025,760,0.095,1890,0.236,68750,10651,1623,0.152,2659,0.25,1652,245,0.148,428,0.259,2042,191,0.094,360,0.176
4_towns,Woodbury,9562,1808,0.189,2206,0.231,4550,0.476,5012,0.524,478,0.05,8703,0.91,49,0.005,332,0.035,686,0.072,4129,3211,0.778,1447,0.358,4013,0.972,7197,302,0.042,3439,0.478,81362,9548,528,0.055,1340,0.14,1794,104,0.058,247,0.138,2206,222,0.101,449,0.204
4_towns,Chester,4234,711,0.168,1072,0.253,1890,0.446,2344,0.554,95,0.022,4063,0.96,23,0.005,53,0.013,225,0.053,1772,1355,0.765,681,0.388,1665,0.94,3262,151,0.046,1212,0.372,88167,4117,185,0.045,645,0.157,711,32,0.045,112,0.158,972,21,0.022,150,0.154
4_towns,Clinton,12944,2390,0.185,2700,0.209,6605,0.51,6339,0.49,1106,0.085,11443,0.884,50,0.004,345,0.027,864,0.067,5396,4303,0.797,1967,0.371,5165,0.957,9682,659,0.068,3788,0.391,79554,12892,839,0.065,2291,0.178,2371,173,0.073,503,0.212,2667,101,0.038,350,0.131
4_towns,Cromwell,13910,2785,0.2,2699,0.194,6954,0.5,6956,0.5,1241,0.089,10890,0.783,993,0.071,786,0.057,1199,0.086,5897,4492,0.762,1749,0.304,5499,0.933,10390,688,0.066,4900,0.472,89243,13583,672,0.049,2306,0.17,2781,117,0.042,526,0.189,2441,131,0.054,568,0.233
4_towns,Deep River,4480,945,0.211,839,0.187,2358,0.526,2122,0.474,199,0.044,4036,0.901,132,0.029,113,0.025,423,0.094,1883,1350,0.717,573,0.311,1858,0.987,3258,96,0.029,1359,0.417,85960,4436,109,0.025,423,0.095,907,0,0,28,0.031,839,24,0.029,141,0.168
4_towns,Durham,7221,1433,0.198,1500,0.208,3553,0.492,3668,0.508,81,0.011,6971,0.965,13,0.002,156,0.022,220,0.03,2768,2617,0.945,578,0.216,2726,0.985,5403,209,0.039,2665,0.493,119905,7162,186,0.026,595,0.083,1424,0,0,93,0.065,1462,90,0.062,258,0.176
4_towns,East Haddam,9007,1649,0.183,1688,0.187,4538,0.504,4469,0.496,309,0.034,8572,0.952,52,0.006,74,0.008,396,0.044,3640,3107,0.854,930,0.262,3603,0.99,6771,459,0.068,2583,0.381,96928,8898,368,0.041,1323,0.149,1649,61,0.037,284,0.172,1618,49,0.03,402,0.248
4_towns,East Hampton,12827,2542,0.198,2178,0.17,6401,0.499,6426,0.501,364,0.028,11649,0.908,142,0.011,672,0.052,811,0.063,4831,4202,0.87,1402,0.293,4743,0.982,9372,586,0.063,3555,0.379,95513,12708,836,0.066,1754,0.138,2501,187,0.075,293,0.117,2109,86,0.041,250,0.119
4_towns,Essex,6604,992,0.15,2057,0.311,3324,0.503,3280,0.497,195,0.03,5738,0.869,265,0.04,406,0.061,506,0.077,3074,2248,0.731,932,0.313,2986,0.971,5129,194,0.038,2715,0.529,89261,6532,311,0.048,1213,0.186,969,47,0.049,236,0.244,2022,55,0.027,355,0.176
4_towns,Haddam,8227,1498,0.182,1675,0.204,4154,0.505,4073,0.495,171,0.021,7549,0.918,140,0.017,367,0.045,427,0.052,3101,2580,0.832,849,0.287,3006,0.969,6247,338,0.054,2880,0.461,110497,8128,446,0.055,1361,0.167,1498,52,0.035,297,0.198,1597,112,0.07,306,0.192
4_towns,Killingworth,6392,1309,0.205,1296,0.203,3094,0.484,3298,0.516,36,0.006,6216,0.972,29,0.005,111,0.017,327,0.051,2304,2161,0.938,659,0.292,2263,0.982,4626,88,0.019,2349,0.508,110543,6367,253,0.04,527,0.083,1284,51,0.04,85,0.066,1296,49,0.038,139,0.107
4_towns,Middlefield,4381,762,0.174,854,0.195,2093,0.478,2288,0.522,70,0.016,4215,0.962,0,0,96,0.022,91,0.021,1758,1479,0.841,463,0.266,1723,0.98,3240,132,0.041,1201,0.371,96111,4381,222,0.051,575,0.131,762,77,0.101,159,0.209,854,48,0.056,151,0.177
4_towns,Middletown,46511,7901,0.17,7136,0.153,22574,0.485,23937,0.515,5195,0.112,31152,0.67,6058,0.13,4106,0.088,5511,0.118,19294,10170,0.527,6937,0.372,17281,0.896,31747,2298,0.072,12052,0.38,65572,42372,5099,0.12,10143,0.239,7832,1278,0.163,2197,0.281,6689,597,0.089,1727,0.258
4_towns,Old Saybrook,10090,1688,0.167,2701,0.268,4618,0.458,5472,0.542,583,0.058,9032,0.895,51,0.005,424,0.042,974,0.097,4343,3506,0.807,1425,0.333,4127,0.95,7818,269,0.034,3740,0.478,83132,9980,389,0.039,1785,0.179,1685,40,0.024,406,0.241,2609,154,0.059,455,0.174
4_towns,Portland,9322,1993,0.214,1783,0.191,4378,0.47,4944,0.53,259,0.028,8926,0.958,28,0.003,109,0.012,251,0.027,3741,3086,0.825,946,0.258,3577,0.956,6753,443,0.066,2521,0.373,99292,9254,633,0.068,1420,0.153,1993,205,0.103,332,0.167,1729,54,0.031,294,0.17
4_towns,Westbrook,6903,715,0.104,1894,0.274,3107,0.45,3796,0.55,191,0.028,6355,0.921,79,0.011,278,0.04,493,0.071,3169,2579,0.814,1164,0.371,3071,0.969,5635,294,0.052,2779,0.493,79707,6890,396,0.057,1028,0.149,715,14,0.02,77,0.108,1894,122,0.064,314,0.166
4_towns,Ansonia,18802,3758,0.2,3053,0.162,9463,0.503,9339,0.497,4032,0.214,11520,0.613,2458,0.131,792,0.042,2152,0.114,7806,4638,0.594,3171,0.425,6761,0.866,13451,1555,0.116,3051,0.227,54901,18752,2574,0.137,5443,0.29,3708,772,0.208,1389,0.375,3053,293,0.096,867,0.284
4_towns,Beacon Falls,6168,1277,0.207,1300,0.211,2989,0.485,3179,0.515,367,0.06,5649,0.916,87,0.014,65,0.011,521,0.084,2447,2147,0.877,790,0.325,2358,0.964,4324,205,0.047,1537,0.355,85024,6144,427,0.069,743,0.121,1253,0,0,40,0.032,1300,96,0.074,214,0.165
4_towns,Bethany,5513,1108,0.201,1040,0.189,2754,0.5,2759,0.5,372,0.067,4487,0.814,82,0.015,572,0.104,677,0.123,2018,1832,0.908,483,0.239,1997,0.99,4085,302,0.074,1908,0.467,129133,5492,133,0.024,445,0.081,1087,75,0.069,191,0.176,1040,5,0.005,78,0.075
4_towns,Branford,28020,4619,0.165,6390,0.228,12999,0.464,15021,0.536,1728,0.062,24199,0.864,381,0.014,1712,0.061,2625,0.094,12369,8433,0.682,4707,0.39,11675,0.944,21531,1080,0.05,9696,0.45,77640,27823,1643,0.059,4733,0.17,4610,366,0.079,991,0.215,6220,296,0.048,1036,0.167
4_towns,Cheshire,29147,5653,0.194,5412,0.186,15523,0.533,13624,0.467,1086,0.037,24117,0.827,1257,0.043,2687,0.092,2804,0.096,10169,8933,0.878,1936,0.192,9826,0.966,21037,1244,0.059,11677,0.555,120546,26789,530,0.02,1807,0.067,5432,89,0.016,276,0.051,5206,133,0.026,467,0.09
4_towns,Derby,12485,2440,0.195,2118,0.17,5768,0.462,6717,0.538,2747,0.22,7974,0.639,838,0.067,926,0.074,2052,0.164,5146,2949,0.573,2331,0.474,4721,0.917,9239,1273,0.138,1867,0.202,56357,12252,1592,0.13,3783,0.309,2427,480,0.198,1290,0.532,1930,287,0.149,500,0.259
4_towns,East Haven,28742,5275,0.184,5477,0.191,14155,0.492,14587,0.508,4964,0.173,21288,0.741,1034,0.036,1456,0.051,3356,0.117,11147,8102,0.727,4134,0.38,10268,0.921,20785,1905,0.092,4982,0.24,67390,28468,2546,0.089,6237,0.219,5253,857,0.163,1759,0.335,5253,355,0.068,1125,0.214
4_towns,Guilford,22216,4708,0.212,5322,0.24,11070,0.498,11146,0.502,1077,0.048,19615,0.883,215,0.01,1309,0.059,1660,0.075,8397,7269,0.866,2562,0.308,8198,0.976,16343,636,0.039,9542,0.584,111870,22042,656,0.03,2363,0.107,4708,98,0.021,377,0.08,5174,95,0.018,613,0.118
4_towns,Hamden,60982,10498,0.172,9842,0.161,28111,0.461,32871,0.539,7608,0.125,33932,0.556,14657,0.24,4785,0.078,8089,0.133,22577,14432,0.639,8077,0.364,20750,0.919,40025,2531,0.063,18459,0.461,77274,55433,4866,0.088,10656,0.192,10346,1125,0.109,2338,0.226,9510,776,0.082,2053,0.216
4_towns,Madison,18113,4156,0.229,4287,0.237,8606,0.475,9507,0.525,459,0.025,16510,0.912,69,0.004,1075,0.059,1081,0.06,6912,5919,0.856,2077,0.31,6710,0.971,12601,230,0.018,8142,0.646,113798,17927,554,0.031,1339,0.075,4115,84,0.02,177,0.043,4185,243,0.058,640,0.153
4_towns,Meriden,59676,11589,0.194,9744,0.163,27815,0.466,31861,0.534,17417,0.292,34330,0.575,5477,0.092,2452,0.041,6080,0.102,25595,14848,0.58,7892,0.32,22608,0.883,43323,5820,0.134,9650,0.223,58843,58933,6156,0.104,15625,0.265,11539,1891,0.164,4709,0.408,9144,787,0.086,2680,0.293
4_towns,Middlebury,7739,1522,0.197,1703,0.22,3754,0.485,3985,0.515,346,0.045,6934,0.896,34,0.004,425,0.055,756,0.098,2749,2529,0.92,630,0.232,2627,0.956,5715,264,0.046,2924,0.512,121122,7714,311,0.04,650,0.084,1510,17,0.011,49,0.032,1690,92,0.054,304,0.18
4_towns,Milford,54328,9222,0.17,10524,0.194,26542,0.489,27786,0.511,3159,0.058,44927,0.827,1593,0.029,4649,0.086,6381,0.117,22451,16720,0.745,7462,0.341,21468,0.956,41546,2259,0.054,17865,0.43,91799,53871,2563,0.048,7581,0.141,9100,409,0.045,1273,0.14,10224,540,0.053,1947,0.19
4_towns,Naugatuck,31347,6751,0.215,4600,0.147,15787,0.504,15560,0.496,3904,0.125,22565,0.72,2867,0.091,2011,0.064,4063,0.13,11589,7999,0.69,3359,0.298,11017,0.951,22223,1970,0.089,6066,0.273,74944,30998,2435,0.079,6266,0.202,6650,737,0.111,1926,0.29,4412,233,0.053,810,0.184
4_towns,New Haven,130331,29416,0.226,13411,0.103,61926,0.475,68405,0.525,40683,0.312,38471,0.295,40717,0.312,10460,0.08,23256,0.178,49177,13757,0.28,25233,0.53,35287,0.718,80607,11622,0.144,28115,0.349,42222,121744,32305,0.265,58786,0.483,29044,10513,0.362,18377,0.633,12925,2102,0.163,5218,0.404
4_towns,North Branford,14191,2627,0.185,2976,0.21,7023,0.495,7168,0.505,478,0.034,13035,0.919,307,0.022,371,0.026,673,0.047,5339,4570,0.856,1575,0.301,5129,0.961,10370,499,0.048,3527,0.34,90461,14149,353,0.025,1295,0.092,2627,0,0,213,0.081,2934,198,0.067,494,0.168
4_towns,North Haven,23722,4229,0.178,5369,0.226,10963,0.462,12759,0.538,1200,0.051,19804,0.835,1016,0.043,1702,0.072,1767,0.074,9064,7406,0.817,2566,0.291,8742,0.964,17828,763,0.043,7696,0.432,96598,23492,1183,0.05,3143,0.134,4136,281,0.068,544,0.132,5259,239,0.045,1007,0.191
4_towns,Orange,13934,3157,0.227,3158,0.227,6796,0.488,7138,0.512,223,0.016,11961,0.858,270,0.019,1480,0.106,1673,0.12,4974,4372,0.879,1405,0.287,4745,0.954,9938,261,0.026,5898,0.593,121308,13873,362,0.026,1235,0.089,3157,21,0.007,265,0.084,3105,140,0.045,331,0.107
4_towns,Oxford,13086,2790,0.213,2569,0.196,6416,0.49,6670,0.51,848,0.065,11607,0.887,423,0.032,208,0.016,936,0.072,4694,4415,0.941,1260,0.271,4505,0.96,9534,409,0.043,3556,0.373,110111,13069,324,0.025,1608,0.123,2773,19,0.007,234,0.084,2569,73,0.028,452,0.176
4_towns,Prospect,9705,2020,0.208,1914,0.197,4900,0.505,4805,0.495,350,0.036,8486,0.874,639,0.066,230,0.024,856,0.088,3347,2990,0.893,818,0.247,3281,0.98,7003,434,0.062,2586,0.369,101134,9566,97,0.01,1066,0.111,2008,0,0,377,0.188,1804,44,0.024,289,0.16
4_towns,Seymour,16508,3820,0.231,2527,0.153,8052,0.488,8456,0.512,2659,0.161,12892,0.781,434,0.026,523,0.032,1521,0.092,6203,4409,0.711,2086,0.345,5861,0.945,11342,692,0.061,3205,0.283,76195,16320,842,0.052,3249,0.199,3768,260,0.069,1063,0.282,2397,93,0.039,474,0.198
4_towns,Southbury,19681,4068,0.207,5864,0.298,9689,0.492,9992,0.508,1039,0.053,17682,0.898,283,0.014,677,0.034,1135,0.058,7966,6807,0.855,2671,0.345,7514,0.943,14496,799,0.055,7272,0.502,98790,19448,902,0.046,2582,0.133,4054,78,0.019,527,0.13,5651,521,0.092,1228,0.217
4_towns,Wallingford,44596,7039,0.158,9853,0.221,20587,0.462,24009,0.538,3752,0.084,37608,0.843,685,0.015,2551,0.057,4064,0.091,18664,13470,0.722,4758,0.263,17384,0.931,34452,2575,0.075,11967,0.347,80793,43617,2291,0.053,5376,0.123,7035,520,0.074,1098,0.156,9160,509,0.056,1675,0.183
4_towns,Waterbury,108276,26717,0.247,14426,0.133,51905,0.479,56371,0.521,40543,0.374,40936,0.378,20358,0.188,6439,0.059,18012,0.166,40937,16950,0.414,18719,0.477,32761,0.8,70453,14350,0.204,11092,0.157,42401,106398,24877,0.234,48919,0.46,26179,9142,0.349,16425,0.627,13825,1878,0.136,5682,0.411
4_towns,West Haven,54763,10801,0.197,7529,0.137,27386,0.5,27377,0.5,12696,0.232,27549,0.503,10298,0.188,4220,0.077,9859,0.18,19886,10867,0.546,8145,0.42,17375,0.874,36724,4448,0.121,8911,0.243,62985,51634,6091,0.118,15033,0.291,10706,1822,0.17,4205,0.393,7287,320,0.044,1621,0.222
4_towns,Wolcott,16615,3522,0.212,3144,0.189,8112,0.488,8503,0.512,1093,0.066,14644,0.881,368,0.022,510,0.031,1025,0.062,6052,5136,0.849,1415,0.242,5898,0.975,11731,714,0.061,3393,0.289,95257,16477,635,0.039,1947,0.118,3517,97,0.028,613,0.174,3046,178,0.058,415,0.136
4_towns,Woodbridge,8827,2052,0.232,2189,0.248,4428,0.502,4399,0.498,505,0.057,6576,0.745,264,0.03,1482,0.168,1865,0.211,2897,2552,0.881,757,0.27,2821,0.974,6494,306,0.047,4418,0.68,157610,8726,305,0.035,658,0.075,2041,67,0.033,120,0.059,2108,84,0.04,192,0.091
4_towns,Bozrah,2589,489,0.189,495,0.191,1300,0.502,1289,0.498,60,0.023,2354,0.909,74,0.029,101,0.039,72,0.028,986,823,0.835,157,0.162,978,0.992,1833,72,0.039,527,0.288,90156,2577,84,0.033,411,0.159,477,0,0,115,0.241,495,6,0.012,84,0.17
4_towns,Colchester,15860,3729,0.235,2249,0.142,8012,0.505,7848,0.495,635,0.04,14244,0.898,307,0.019,674,0.042,718,0.045,5985,4598,0.768,1686,0.284,5879,0.982,11023,474,0.043,4449,0.404,105281,15683,1117,0.071,2339,0.149,3729,509,0.136,822,0.22,2096,107,0.051,289,0.138
4_towns,East Lyme,18724,3177,0.17,4344,0.232,8602,0.459,10122,0.541,1164,0.062,15367,0.821,656,0.035,1537,0.082,1639,0.088,7345,5593,0.761,1992,0.276,7128,0.97,14132,829,0.059,6542,0.463,95217,16919,1119,0.066,2518,0.149,3089,363,0.118,671,0.217,4181,184,0.044,506,0.121
4_towns,Franklin,1778,350,0.197,357,0.201,919,0.517,859,0.483,94,0.053,1638,0.921,15,0.008,31,0.017,52,0.029,717,624,0.87,170,0.243,696,0.971,1286,68,0.053,371,0.288,96719,1778,70,0.039,293,0.165,350,11,0.031,98,0.28,357,16,0.045,73,0.204
4_towns,Griswold,11622,2496,0.215,1898,0.163,6116,0.526,5506,0.474,285,0.025,10239,0.881,128,0.011,970,0.083,329,0.028,4898,3546,0.724,1508,0.317,4676,0.955,8044,961,0.119,1428,0.178,64365,11609,717,0.062,2920,0.252,2488,79,0.032,707,0.284,1898,28,0.015,445,0.234
4_towns,Groton,38825,7458,0.192,5953,0.153,20834,0.537,17991,0.463,5309,0.137,26909,0.693,2583,0.067,4024,0.104,3473,0.089,15958,7744,0.485,5984,0.385,14510,0.909,25564,1656,0.065,9231,0.361,66657,35653,3522,0.099,9630,0.27,7308,1384,0.189,3101,0.424,5626,210,0.037,1108,0.197
4_towns,Lebanon,7215,1453,0.201,1336,0.185,3801,0.527,3414,0.473,142,0.02,6859,0.951,45,0.006,169,0.023,275,0.038,2818,2453,0.87,808,0.294,2818,1,5240,265,0.051,1702,0.325,91684,7210,548,0.076,1446,0.201,1449,218,0.15,497,0.343,1336,84,0.063,301,0.225
4_towns,Ledyard,14761,3339,0.226,2150,0.146,7505,0.508,7256,0.492,793,0.054,11979,0.812,366,0.025,1623,0.11,665,0.045,5769,4809,0.834,1209,0.212,5715,0.991,10542,153,0.015,4315,0.409,94099,14713,585,0.04,2148,0.146,3293,157,0.048,819,0.249,2150,44,0.02,226,0.105
4_towns,Lisbon,4247,814,0.192,682,0.161,2051,0.483,2196,0.517,52,0.012,3999,0.942,11,0.003,185,0.044,141,0.033,1714,1451,0.847,296,0.181,1694,0.988,3046,91,0.03,723,0.237,91125,4242,126,0.03,271,0.064,814,18,0.022,29,0.036,682,20,0.029,97,0.142
4_towns,Lyme,2499,467,0.187,684,0.274,1278,0.511,1221,0.489,59,0.024,2351,0.941,51,0.02,38,0.015,200,0.08,1056,862,0.816,341,0.334,1022,0.968,1862,50,0.027,1124,0.604,100435,2499,46,0.018,340,0.136,467,0,0,105,0.225,684,13,0.019,94,0.137
4_towns,Montville,18835,3117,0.165,3222,0.171,10354,0.55,8481,0.45,2069,0.11,13768,0.731,1114,0.059,1884,0.1,1626,0.086,6997,5645,0.807,1972,0.29,6683,0.955,14245,1489,0.105,2870,0.201,74106,17300,1484,0.086,3357,0.194,3046,320,0.105,761,0.25,3081,135,0.044,484,0.157
4_towns,New London,26966,5165,0.192,2989,0.111,12805,0.475,14161,0.525,9005,0.334,12102,0.449,3443,0.128,2416,0.09,4931,0.183,10732,3961,0.369,4791,0.46,8986,0.837,16043,2552,0.159,4007,0.25,46298,23174,5681,0.245,10397,0.449,5101,2042,0.4,3148,0.617,2815,389,0.138,969,0.344
4_towns,North Stonington,5223,1259,0.241,1024,0.196,2760,0.528,2463,0.472,170,0.033,4490,0.86,81,0.016,482,0.092,173,0.033,1982,1650,0.832,675,0.345,1893,0.955,3713,245,0.066,1194,0.322,75833,5218,300,0.057,1280,0.245,1256,63,0.05,443,0.353,1024,0,0,164,0.16
4_towns,Norwich,39260,8182,0.208,6617,0.169,18919,0.482,20341,0.518,5664,0.144,24008,0.612,3915,0.1,5673,0.144,5250,0.134,16121,8314,0.516,5949,0.376,14384,0.892,27457,3348,0.122,5656,0.206,57052,38872,5085,0.131,13057,0.336,8016,1528,0.191,3666,0.457,6432,588,0.091,2107,0.328
4_towns,Old Lyme,7396,1352,0.183,1992,0.269,3702,0.501,3694,0.499,339,0.046,6749,0.913,113,0.015,195,0.026,536,0.072,3197,2544,0.796,861,0.274,3166,0.99,5652,251,0.044,3050,0.54,96567,7396,271,0.037,746,0.101,1352,41,0.03,119,0.088,1992,92,0.046,280,0.141
4_towns,Preston,4657,945,0.203,868,0.186,2202,0.473,2455,0.527,44,0.009,4016,0.862,8,0.002,589,0.126,347,0.075,1830,1560,0.852,597,0.335,1794,0.98,3259,211,0.065,797,0.245,79444,4657,288,0.062,899,0.193,945,113,0.12,266,0.281,868,53,0.061,179,0.206
4_towns,Salem,4112,818,0.199,756,0.184,2111,0.513,2001,0.487,178,0.043,3626,0.882,120,0.029,188,0.046,268,0.065,1661,1509,0.908,409,0.246,1626,0.979,3015,109,0.036,1442,0.478,109460,4092,81,0.02,267,0.065,818,35,0.043,35,0.043,756,0,0,144,0.19
4_towns,Sprague,2906,651,0.224,477,0.164,1448,0.498,1458,0.502,114,0.039,2487,0.856,77,0.026,228,0.078,108,0.037,1149,746,0.649,328,0.287,1114,0.97,2043,152,0.074,456,0.223,68301,2906,327,0.113,795,0.274,651,117,0.18,304,0.467,477,25,0.052,101,0.212
4_towns,Stonington,18445,3146,0.171,4569,0.248,8913,0.483,9532,0.517,762,0.041,16621,0.901,253,0.014,809,0.044,1045,0.057,8210,5977,0.728,2487,0.309,7953,0.969,14048,695,0.049,6617,0.471,81667,18160,1304,0.072,2827,0.156,3136,381,0.121,611,0.195,4409,196,0.044,634,0.144
4_towns,Voluntown,2535,509,0.201,375,0.148,1233,0.486,1302,0.514,73,0.029,2378,0.938,0,0,84,0.033,80,0.032,987,834,0.845,248,0.262,964,0.977,1822,120,0.066,425,0.233,85052,2535,196,0.077,435,0.172,509,10,0.02,104,0.204,375,28,0.075,76,0.203
4_towns,Waterford,18935,3485,0.184,4384,0.232,9172,0.484,9763,0.516,1202,0.063,16112,0.851,523,0.028,1098,0.058,1237,0.065,7715,6323,0.82,1974,0.261,7411,0.961,14088,634,0.045,5710,0.405,90893,18498,1089,0.059,2925,0.158,3459,224,0.065,685,0.198,4072,306,0.075,730,0.179
4_towns,Andover,3203,594,0.185,455,0.142,1482,0.463,1721,0.537,96,0.03,2969,0.927,100,0.031,38,0.012,85,0.027,1216,1075,0.884,273,0.225,1192,0.98,2274,84,0.037,885,0.389,105328,3203,75,0.023,252,0.079,594,0,0,60,0.101,455,0,0,26,0.057
4_towns,Bolton,4911,923,0.188,1059,0.216,2416,0.492,2495,0.508,370,0.075,4347,0.885,64,0.013,130,0.026,348,0.071,1821,1656,0.909,474,0.262,1721,0.945,3488,219,0.063,1530,0.439,105772,4900,233,0.048,451,0.092,912,10,0.011,19,0.021,1059,89,0.084,138,0.13
4_towns,Columbia,5417,958,0.177,1171,0.216,2787,0.514,2630,0.486,448,0.083,4955,0.915,14,0.003,0,0,92,0.017,2156,2037,0.945,451,0.211,2128,0.987,3997,107,0.027,1858,0.465,109962,5417,75,0.014,588,0.109,958,0,0,99,0.103,1171,33,0.028,279,0.238
4_towns,Coventry,12433,2707,0.218,1851,0.149,6119,0.492,6314,0.508,300,0.024,11655,0.937,76,0.006,402,0.032,358,0.029,4648,4091,0.88,969,0.213,4603,0.99,8552,236,0.028,3677,0.43,96143,12427,460,0.037,1258,0.101,2702,112,0.041,305,0.113,1851,1,0.001,171,0.092
4_towns,Ellington,16170,3462,0.214,2302,0.142,8274,0.512,7896,0.488,741,0.046,13603,0.841,227,0.014,1599,0.099,1248,0.077,7000,4385,0.626,1863,0.269,6783,0.969,11410,487,0.043,5365,0.47,91510,16129,807,0.05,2095,0.13,3421,220,0.064,329,0.096,2302,82,0.036,531,0.231
4_towns,Hebron,9512,2097,0.22,1487,0.156,4813,0.506,4699,0.494,307,0.032,8930,0.939,5,0.001,270,0.028,362,0.038,3528,3337,0.946,843,0.24,3420,0.969,6563,220,0.034,3335,0.508,121200,9503,325,0.034,738,0.078,2092,75,0.036,179,0.086,1487,11,0.007,143,0.096
4_towns,Mansfield,25799,2280,0.088,2182,0.085,12404,0.481,13395,0.519,1390,0.054,20191,0.783,960,0.037,3258,0.126,2892,0.112,5740,3058,0.533,2668,0.484,5371,0.936,7305,336,0.046,4090,0.56,51911,13356,3007,0.225,5292,0.396,2116,175,0.083,499,0.236,2087,66,0.032,417,0.2
4_towns,Somers,11005,1924,0.175,2128,0.193,6312,0.574,4693,0.426,694,0.063,9356,0.85,613,0.056,342,0.031,461,0.042,3625,3155,0.87,908,0.257,3581,0.988,8498,794,0.093,3284,0.386,108560,9290,179,0.019,724,0.078,1915,28,0.015,159,0.083,2032,99,0.049,278,0.137
4_towns,Stafford,11881,2159,0.182,2073,0.174,5729,0.482,6152,0.518,419,0.035,10979,0.924,67,0.006,416,0.035,267,0.022,4707,3448,0.733,1294,0.279,4444,0.944,8289,618,0.075,1814,0.219,74386,11617,715,0.062,2135,0.184,2047,152,0.074,566,0.277,1921,110,0.057,385,0.2
4_towns,Tolland,14713,3414,0.232,2336,0.159,7443,0.506,7270,0.494,231,0.016,13505,0.918,110,0.007,867,0.059,716,0.049,5252,4872,0.928,866,0.169,5218,0.994,10124,216,0.021,4991,0.493,118194,14581,493,0.034,1167,0.08,3414,63,0.018,275,0.081,2213,67,0.03,182,0.082
4_towns,Union,894,137,0.153,266,0.298,434,0.485,460,0.515,3,0.003,854,0.955,0,0,37,0.041,40,0.045,374,363,0.971,82,0.221,365,0.976,695,18,0.026,265,0.381,87083,894,42,0.047,98,0.11,137,20,0.146,31,0.226,266,18,0.068,39,0.147
4_towns,Vernon,29232,5175,0.177,5142,0.176,14155,0.484,15077,0.516,3084,0.106,21559,0.738,2091,0.072,2498,0.085,3068,0.105,13039,6818,0.523,4645,0.362,11885,0.911,21157,1288,0.061,7572,0.358,64587,28893,2740,0.095,7623,0.264,5110,432,0.085,1770,0.346,4873,261,0.054,998,0.205
4_towns,Willington,5893,745,0.126,688,0.117,3233,0.549,2660,0.451,249,0.042,4914,0.834,95,0.016,635,0.108,546,0.093,2577,1665,0.646,757,0.304,2548,0.989,3735,163,0.044,1507,0.403,76908,5793,845,0.146,1591,0.275,645,13,0.02,13,0.02,688,74,0.108,143,0.208
4_towns,Ashford,4236,879,0.208,558,0.132,2055,0.485,2181,0.515,216,0.051,3895,0.919,1,0,124,0.029,186,0.044,1774,1307,0.737,465,0.277,1744,0.983,3046,209,0.069,1180,0.387,70952,4207,407,0.097,928,0.221,850,70,0.082,274,0.322,558,54,0.097,125,0.224
4_towns,Brooklyn,8238,1702,0.207,1546,0.188,4755,0.577,3483,0.423,358,0.043,7362,0.894,166,0.02,352,0.043,449,0.055,2915,2139,0.734,979,0.341,2689,0.922,6054,599,0.099,1340,0.221,76047,7582,572,0.075,1305,0.172,1585,142,0.09,315,0.199,1467,92,0.063,339,0.231
4_towns,Canterbury,5069,1120,0.221,886,0.175,2595,0.512,2474,0.488,55,0.011,4884,0.964,34,0.007,96,0.019,117,0.023,1916,1698,0.886,447,0.239,1877,0.98,3610,314,0.087,807,0.224,91973,5059,135,0.027,425,0.084,1110,15,0.014,93,0.084,886,21,0.024,121,0.137
4_towns,Chaplin,2489,428,0.172,392,0.157,1302,0.523,1187,0.477,231,0.093,2119,0.851,0,0,139,0.056,68,0.027,988,859,0.869,305,0.309,963,0.975,1925,194,0.101,516,0.268,70500,2489,163,0.065,495,0.199,428,16,0.037,109,0.255,392,16,0.041,73,0.186
4_towns,Eastford,1653,237,0.143,296,0.179,878,0.531,775,0.469,66,0.04,1571,0.95,3,0.002,13,0.008,53,0.032,681,580,0.852,153,0.229,646,0.949,1289,63,0.049,478,0.371,92813,1632,99,0.061,184,0.113,233,17,0.073,33,0.142,296,24,0.081,47,0.159
4_towns,Hampton,1830,274,0.15,352,0.192,998,0.545,832,0.455,40,0.022,1723,0.942,2,0.001,65,0.036,55,0.03,785,711,0.906,193,0.251,759,0.967,1445,51,0.035,470,0.325,81016,1828,80,0.044,275,0.15,272,8,0.029,36,0.132,352,18,0.051,55,0.156
4_towns,Killingly,17231,3607,0.209,2775,0.161,8183,0.475,9048,0.525,709,0.041,15106,0.877,207,0.012,1209,0.07,810,0.047,7088,4744,0.669,2693,0.387,6569,0.927,12649,1743,0.138,2741,0.217,62550,16804,2207,0.131,4212,0.251,3475,563,0.162,1143,0.329,2526,251,0.099,787,0.312
4_towns,Plainfield,15105,3192,0.211,2419,0.16,7266,0.481,7839,0.519,826,0.055,13430,0.889,202,0.013,647,0.043,467,0.031,5595,3841,0.687,1487,0.271,5302,0.948,10841,1587,0.146,1324,0.122,70206,14848,1318,0.089,3394,0.229,3093,270,0.087,1096,0.354,2266,170,0.075,516,0.228
4_towns,Pomfret,4186,822,0.196,753,0.18,2189,0.523,1997,0.477,136,0.032,3914,0.935,29,0.007,107,0.026,169,0.04,1647,1356,0.823,428,0.267,1585,0.962,2883,105,0.036,1382,0.479,93472,3999,235,0.059,666,0.167,769,10,0.013,89,0.116,753,23,0.031,139,0.185
4_towns,Putnam,9361,1459,0.156,2035,0.217,4366,0.466,4995,0.534,455,0.049,8577,0.916,84,0.009,245,0.026,290,0.031,4096,2380,0.581,1287,0.328,3718,0.908,7246,678,0.094,1835,0.253,60201,9138,851,0.093,2679,0.293,1434,283,0.197,658,0.459,1910,114,0.06,547,0.286
4_towns,Scotland,1569,307,0.196,311,0.198,811,0.517,758,0.483,60,0.038,1480,0.943,0,0,29,0.018,33,0.021,614,531,0.865,172,0.285,614,1,1098,73,0.066,270,0.246,86053,1567,65,0.041,198,0.126,305,20,0.066,58,0.19,311,11,0.035,19,0.061
4_towns,Sterling,3757,921,0.245,511,0.136,2065,0.55,1692,0.45,128,0.034,3383,0.9,226,0.06,20,0.005,59,0.016,1446,1258,0.87,511,0.379,1400,0.968,2584,194,0.075,557,0.216,78684,3757,292,0.078,628,0.167,921,81,0.088,150,0.163,511,29,0.057,104,0.204
4_towns,Thompson,9351,1928,0.206,1406,0.15,4771,0.51,4580,0.49,292,0.031,8812,0.942,9,0.001,238,0.025,138,0.015,3569,2787,0.781,724,0.207,3479,0.975,6837,717,0.105,1920,0.281,80125,9258,592,0.064,1585,0.171,1861,87,0.047,356,0.191,1406,115,0.082,371,0.264
4_towns,Windham,24655,4894,0.198,3082,0.125,11674,0.473,12981,0.527,10143,0.411,12471,0.506,1093,0.044,948,0.038,2624,0.106,8590,4026,0.469,3705,0.445,7540,0.878,14235,2678,0.188,2653,0.186,47481,21200,5219,0.246,10294,0.486,4838,1593,0.329,3231,0.668,2791,338,0.121,727,0.26
4_towns,Woodstock,7836,1571,0.2,1390,0.177,3819,0.487,4017,0.513,39,0.005,7677,0.98,0,0,120,0.015,154,0.02,3249,2787,0.858,723,0.229,3114,0.958,5650,234,0.041,2332,0.413,86821,7836,443,0.057,960,0.123,1571,126,0.08,170,0.108,1390,53,0.038,177,0.127
